{"upper_lim": 47.31500000000001, "lower_lim": 13.674999999999994}